Workbook

Sheet Claude Log

Sheet איכות סביבה אי התאמות
B1: מס טופס: - טופס מעקב אי התאמות ופעולות מתקנות
B2: עדכון 10/5//2022
B3: עורך:
B4: איכות סביבה
B5: פירוט אי התאמה או ממצאים | C5: תאריך | D5: סיבת שורש | E5: פעולת תיקון( עצירת האי התאמה) | F5: פעולה מתקנת נדרשת | G5: אחראי | H5: מועד לביצוע | I5: סטטוס | J5: הערות
B6: זליגת שמן בחוות מיכלים למעצרה | C6: 44934 | D6: תקינות הצנרת | E6: ספיחה של השמן הנוזל | F6: תיקון הצנרת וניקוי מהיר של האזור | G6: אחזקה | H6: 44934 | I6: בוצע
B7: אי סדר באזור האחסון של פסולת קרטון | C7: 44941 | D7: חוסר ארגון באזור האחסון | E7: סידור אזור האחסון | F7: פינוי קרטונים בתדירות גבוהה יותר | G7: חצר | H7: 44942 | I7: בוצע
B8: זליגת שמן באזור טיגון | C8: 44969 | D8: תיקון זמני בוצע במקרה 1 | E8: ביצוע אחזקה מונעת | G8: אחזקה | H8: 44969 | I8: בוצע | J8: תוקן מידית שמן לא זלג לניקוזים
B9: פיזור פסולת עץ באזור המפעל | C9: 44976 | D9: חוסר טיפול תקין בפסולת | E9: ניקיון האזור פסולת העץ | F9: ארגון וניקוי שטח ופינוי פסולת עץ בתדירות גובהה יותר | G9: עובדי חצר | H9: 44976 | I9: בוצע
B10: אי סדר באזור המלגזות | C10: 44983 | D10: חוסר ארגון באזור המלגזות | E10: סידור אזור המלגזות וניקון האזור | F10: פיקוח של מנהל המחלקה לסדר באזור | G10: עובדי חצר | H10: 45012 | I10: בוצע
B11: שפכים עובד ביעילות נמוכה בוצה לא יצאת מהמתקן | C11: 44997 | D11: עומס על מתקן השפכים | E11: הורדת ספיקות ותיקון הצנטרפוגה | F11: החלפת הצנטרפוגה ומתקן השפכים | G11: מיכאל | H11: 45004 | I11: בוצע
B12: עומס על מערכת השטיפות | C12: 45004 | D12: תהליך הייצור הנוכחי גרם לבריחה וסתימה של הבור חול | E12: הזמנה ביובית לפתיחת הסתימה | F12: שיפור תהליך הקילוף והרחבת המערכת הבור | G12: מיכאל | H12: 45188 | I12: בוצע | J12: כחלק מתוכנית שדרוג המערך השפכים ישודרג גם בור החול
B13: אי ניקוי רצפים באזור התפעול | C13: 45004 | D13: איכויות מתקן השפכים | E13: אין | F13: נרכש סוחט חדש לטיפול יעיל יותר השפכים | G13: מיכאל | H13: 45188 | I13: בוצע
B14: ברז מים בייצור שנשר פתוח | C14: 45025 | D14: חוסר תכנון ניקיון תקין | E14: ניקיון מידי של האזור | F14: חידוד על ידי המפעיל על סנדר וניקיון | G14: מנהל תפעול+ מיכאל | H14: 45032 | I14: בוצע | J14: העובדים הודרכו על ביצוע ניקיון בשוטף
B15: זליגת שפכים לשטח השפכים | C15: 45032 | D15: עבודה לא לפי הנהלים | E15: סגירת הברז | F15: חידוד הנהלים ושילוט נכון של הברז | G15: טכנולוג+ מפעילים | H15: 45032 | I15: בוצע | J15: נמצא ברז פתוח
B16: נזילות מים באזור השטיפה של תפוחי האדמה | C16: 45039 | D16: תקלה במתקן השפכים | E16: תיקון מיידי של תקלה במתקן השפכים ובדיקת שאר המתקנים | F16: תחזוקה נכונה של המתקן. | G16: מפעיל שפכים+ אחזקה | H16: 45040 | I16: בוצע | J16: הנזילה נעצרה במידי ותוקנה
B17: חומרי גלם לא מאוחסנים על מדפים מתאימים | C17: 45047 | D17: תקלה במערכת השטיפה | E17: תיקון מיידי של תקלה במערכת השטיפה | G17: אחזקה | H17: 45050 | I17: בוצע
B18: אזור רוטוסטרנר מלוכלל בשמן ברצפה | C18: 45047 | D18: מחסור במיקום | E18: סידור המחסן והקפדה על אחסון על מעצרות | F18: הוספו מספר מאצרות | G18: מחסני | H18: 45048 | I18: בוצע
B19: פיצוץ מים וצריכה מופרז בצריכת המים | C19: 45060 | D19: אי המידה בנהלים | E19: ניקיון מידי וספיגה של השמן | F19: חידוד נהלים ואיחסון אריזות | G19: חצר | H19: 45060 | I19: בוצע
B20: נזילה מבור ביוב המוביל שפכים | C20: 45060 | D20: כשל מערכתי של ציוד | E20: תיקון הפיצוץ | G20: טכנולוג | H20: 45060 | I20: בוצע
B21: אחסון קוביות בסיס במיתקן השפכים לא בצורה תקינה בתוך המאצרה | C21: 45070 | D21: נזק מכני על ידי מלגזה לבור ניקוז שפכים | E21: תיקון בור במידי | F21: גידור של הבור | G21: מנהל איכות הסביבה | H21: 45070 | I21: בוצע
B22: אריזות ריקות מפוזרות ליד מחלקת מעוצבים | C22: 45070 | D22: אחסון לקווי | E22: הכנסת קוביה בצורה תקינה למאצרה | F22: חידוד של נהלים | G22: מנהל איכות הסביבה | H22: 45070 | I22: בוצע
B23: נזילת שמן ליד המטגנת | C23: 45078 | D23: אחסון לקווי וטיפול לא נכון באריזות | E23: העברה של האריזות הריקות למקום יעודי לאיחסון | F23: חידוד הנהלים | G23: מנהל איכות הסביבה | H23: 45078 | I23: בוצע
B24: נזילת שפכים מבור הרוטו סטרנר | C24: 45096 | D24: חוסר בתחזוקה שותפת | E24: תיקון מקור הנזילה | F24: יותר דגש על תחזוקת מונעת | G24: מנהל טכני | H24: 45168 | I24: בוצע
B25: נזילת שמן מקוביה | C25: 45109 | D25: תקלה במערעת המשאבות | E25: תיקון התקלה | F25: בדיקות בתדירות יותר גבוהה | G25: מפעיל שפכים+ אחזקה | H25: 45109 | I25: בוצע
B26: נשפף בוצה שפכים ממכולה | C26: 45116 | D26: חוסר הקפדה על הנהלים איחסון נכון | E26: החסנה על מעצרה | F26: חידוד הנהלים איחסון חומרים | G26: מנהל איכות הסביבה | H26: 45116 | I26: בוצע
B27: איזור מלגזות נזילת שמן | C27: 45146 | D27: תקלה מכנית במכולה | E27: תיקון המכולה | G27: מנהל איכות הסביבה | H27: 45146 | I27: בוצע
B28: איזור קרון קילוף בזל נזילה מהקרון | C28: 45166 | D28: חוסר ארגון באזור המלגזות | E28: ספיגה וניקיון של השפך | F28: פיקוח אחרי המחלקת ח"וג | G28: מנהל מפעל | H28: 45166 | I28: בוצע
B29: קוביה לא מסומנת | C29: 45172 | D29: תחזוקה מונעת לקויה | E29: תיקון אזור הנזילה | F29: יש לבדצע תחזוקה מונעת בתדירות גבוהה יותר | G29: מנהל טכני | H29: 45172 | I29: בוצע
B30: גריקנים לא מאוחסנים לפי הנוהל בתוך מעצרה | C30: 45185 | D30: עבודה לא לפי הנהלים | E30: שילוט החומר | F30: הדרכה על בסימון קוביות היוצאות לאזור הפינוי פסולות | G30: מנהלי מחלקות | H30: 45185 | I30: בוצע
B31: נזילות באזור השפכים | C31: 45192 | D31: עבודה לא לפי הנהלים | E31: איחסון לפי הדרישה במעצרה 110% | F31: ריענון למחסנאי | G31: איכות הסביבה | H31: 45192 | I31: בוצע
B32: אזור הקרטונים מלאה בקרטונים לפינוי | C32: 45245 | D32: בעיה בתקינות מכונת הסחיטה | E32: טיפול במערך הסחיטה | F32: יש לבצע אחזקה מונעת בתדירות גובה יותר | G32: איכות הסביבה | H32: 45246 | I32: בוצע
B33: קבלת כימיקלים בצורה לא תקינה איחסון לא תקין | C33: 45259 | D33: עומס פינוי קרטונים | E33: תזמון בתדירות גבוהה יותר פינוים | F33: פינוי בתדירות גבוהה | G33: איכות הסביבה | H33: 45259 | I33: בוצע
B34: אזור מעוצבים איחסון לקוי של חומרים | C34: 45264 | D34: עבודה לא לפי הנהלים | E34: יש לאחסן את הכימיקלים על גבי מעצרות 110% | F34: ריענון למחסנאי | G34: איכות הסביבה | H34: 45264 | I34: בוצע
B35: אזור אריזות ריקות(קרטון,ניילון , עץ) מבולגן | C35: 45280 | D35: חוסר טיפול תקין בפסולת | E35: לאחר שימוש יש לפנות מיד את החומר למקום יעודי | F35: עבודה לא לפי הנוהל | G35: מנהל מחלקת מעוצבים | H35: 45280 | I35: בוצע
B36: שפך ממיכל לבן בשפכים | C36: 45280 | D36: עומס פינוי אריזות ריקות | E36: תזמון בתדירות גבוהה יותר פינוים | F36: פינוי בתדירות גבוהה | G36: איכות הסביבה | H36: 45280 | I36: בוצע
B37: תעלות ניקוז מלאות באיזור המט"ש | C37: 45298 | D37: תקלה במשאבה | E37: תיקון משאבה מיכל לבן בשפכים | F37: תחזוקה נכונה של המתקן. | G37: איכות הסביבה | H37: 45298 | I37: בוצע
B38: פסולת במאצרה באזור הדוודים | C38: 45342 | D38: אי הקפדה על נהלים | E38: שאיבת התעלות | F38: יש לכתוב נוהל מסודר לריקון מאצרות ותעלות ניקוז | G38: איכות הסביבה | H38: 45402 | I38: בוצע
B39: פסולת במאצרה באזור הדוודים | C39: 45342 | D39: אי הקפדה על נהלים | E39: ניקוי ופינוי הפסולת מהמאצרה | F39: בדיקות בתדירות יותר גבוהה | G39: איכות הסביבה | H39: 45342 | I39: בוצע
... B45: נזילה מקו המים החמים באזור הדוודים | C45: 45387 | D45: פגם בקו המים החמים | E45: חיפוי ותיקון הקו הפגום למניעת נזילות נוספות. | F45: תכנון לוח זמנים לבדיקות שלמות הקווים | G45: מנהל טכני | H45: 45387 | I45: בוצע
B46: נזילת שמן ממכונה במעוצבים | C46: 45412 | D46: ניתפס ברז שגרם לנזילה | E46: הברז תוקן מידית | F46: ביקורת בתדיקות גבוהה יותר | G46: מנהל מחלקת מעוצבים | H46: 45412 | I46: בוצע | J46: תוקן מידית שמן לא זלג לתעלות
B47: מערכת השטיפה הציפה את אזור הייצור | C47: 45422 | D47: תחזוקה לקויה של מערכת השטיפה | E47: סגירת מערכת השטיפה, ניקוי מיידי של האזור | F47: תחזוקה שוטפת בתדירות גבוהה יותר | G47: מנהל תחזוקה | H47: 45424 | I47: בוצע | J47: הותקנה מערכת בקרה לנזילות
B48: נזילת מים מקו ביוב במתחם השפכים | C48: 45461 | D48: תקלה במערכת הביוב | E48: תיקון הנזילה וניקוי השטח | F48: שיפור תחזוקה של מערכת הביוב | G48: אחזקה | H48: 45462 | I48: בוצע
B49: הצטברות פסולת לא מפונה במתחם הייצור | C49: 45478 | D49: העדר פינוי בזמן | E49: פינוי מיידי של הפסולת | F49: חידוד נהלי פינוי לעובדים | G49: איכות סביבה | H49: 45479 | I49: בוצע
B50: סתימה בקו ניקוז באזור הייצור | C50: 45498 | D50: תחזוקה לקויה של קווי הניקוז | E50: פתיחת הסתימה וניקוי יסודי של האזור | F50: ביצוע תחזוקה מונעת ובדיקות שוטפות | G50: מנהל תחזוקה | H50: 45499 | I50: בוצע
B51: הצטברות חומרי ניקוי במתחם הקווים | C51: 45519 | D51: חוסר סדר בניהול חומרי ניקוי | E51: פינוי חומרי הניקוי וניקוי האזור | F51: חידוד נהלים לשימוש ואחסון חומרי ניקוי | G51: מנהל תפעול | H51: 45520 | I51: בוצע
B52: נזילת מים מקו אספקת מים באזור הייצור | C52: 45445 | D52: תקלה במערכת האספקה | E52: תיקון מיידי של הקו וניקוי השטח | F52: תחזוקה שוטפת לתשתיות אספקת מים | G52: אחזקה | H52: 45446 | I52: בוצע
B53: מים עומדים מתחת לקווי הייצור | C53: 45454 | D53: בעיות שיפועים בניקוז | E53: ניקוי האזור ותיקון שיפועי הניקוז | F53: בדיקות תקופתיות לניקוזים | G53: מנהל ייצור | H53: 45455 | I53: בוצע
B54: פיצוץ בצנרת ביוב שגרם להצפה | C54: 45462 | D54: תקלה במערכת הביוב | E54: תיקון הצנרת וניקוי יסודי של האזור | F54: שיפור תחזוקה וניטור של מערכת הביוב | G54: מנהל תחזוקה | H54: 45463 | I54: בוצע
B55: הצטברות כימיקלים במתחם אחסון | C55: 45471 | D55: אי פינוי בזמן של כימיקלים | E55: ניקוי ופינוי הכימיקלים | F55: חידוד נהלים לאחסון ולפינוי כימיקלים | G55: איכות סביבה | H55: 45472 | I55: בוצע
B56: שפיכת חומרי ניקוי בעת העמסה | C56: 45480 | D56: טעינת חומרים לא מבוקרת | E56: ניקוי האזור והסרת החומרים | F56: הדרכת עובדים על שימוש נכון בחומרים | G56: איכות סביבה | H56: 45481 | I56: בוצע
B57: חדירת מים לאזור אחסון חומרים | C57: 45488 | D57: העדר כיסוי מתאים לאזור | E57: ניקוי ופינוי המים וניקוי השטח | F57: התקנת כיסויים מתאימים לאחסון | G57: אחזקה | H57: 45489 | I57: בוצע
B58: אחסון לא תקין של פסולת מסוכנת | C58: 45496 | D58: חוסר סדר בניהול פסולת | E58: פינוי מידי של הפסולת | F58: פיקוח שוטף על פסולת מסוכנת | G58: איכות סביבה | H58: 45497 | I58: בוצע
B59: העדר סימון על כימיקלים באזור האחסון | C59: 45512 | D59: חוסר סימון מתאים | E59: סימון מיידי של כל מיכלי הכימיקלים | F59: חידוד נהלי סימון חומרים | G59: אחזקה | H59: 45513 | I59: בוצע
... B70: הצטברות של פסולת אורגנית ופלסטיק באזור העבודה גרמה לעיכובים | C70: 45641 | D70: פינוי לא סדיר | E70: פינוי מיידי של הפסולת | F70: פיקוח ומעקב על פינוי שוטף | G70: איכות סביבה | H70: 45641 | I70: בוצע
B71: נזילת שמן ממיכל התפשתות | C71: 45675 | D71: בבדיקה | E71: ספיגה וניקיון של האזור | F71: בבדיקה | G71: מנהל מפעל | H71: 45710 | I71: בוצע | J71: ממתין לבדיקת מקור הנזילה
B72: זליגת שמן טיגון מצנרת הזנה למאצרה בחוות המיכלים | C72: 45691 | D72: איטום לקוי בצנרת | E72: ספיגה וניקיון מיידי של המאצרה | F72: החלפת אטמים בצנרת והגברת תחזוקה מונעת | G72: אחזקה | H72: 45693 | I72: בוצע
B73: פסולת אריזות פלסטיק מפוזרת באזור חצר הייצור | C73: 45698 | D73: עומס בפינוי אריזות | E73: איסוף מיידי של הפסולת | F73: תיאום פינוי בתדירות גבוהה יותר | G73: חצר | H73: 45699 | I73: בוצע
B74: הצטברות מי שטיפה מזוהמים בשמן באזור קו הטיגון | C74: 45706 | D74: ניקוז לקוי באזור הייצור | E74: שאיבת המים המזוהמים | F74: תיקון שיפועי ניקוז ובדיקות תקופתיות | G74: מנהל תחזוקה | H74: 45709 | I74: בוצע
B75: נזילת שפכים שומניים מבור שאיבה | C75: 45712 | D75: תקלה במשאבת השפכים | E75: תיקון המשאבה וניקוי הבור | F75: תחזוקה מונעת בתדירות גבוהה יותר | G75: מנהל איכות הסביבה | H75: 45714 | I75: בוצע
B76: זליגת חומר ניקוי (KOH) ליד אזור שטיפת קווים | C76: 45718 | D76: ברז פגום בתחנת ניקוי | E76: סגירת הברז וניקוי האזור | F76: החלפת ברז והדרכת עובדים | G76: מנהל תפעול | H76: 45719 | I76: בוצע
B77: אחסון גריקנים של חומרי הדברה שלא על מעצרה | C77: 45726 | D77: חוסר הקפדה על נהלים | E77: העברת הגריקנים למעצרה | F77: ריענון נהלי אחסון חומרים מסוכנים | G77: איכות סביבה | H77: 45728 | I77: בוצע
B78: ריח חריף של שמן טיגון משומש באזור אחסון פסולת | C78: 45733 | D78: מיכל פסולת שמן לא סגור כראוי | E78: סגירת המיכל וניקוי האזור | F78: החלפת מכסה והקפדה על סגירה | G78: איכות סביבה | H78: 45734 | I78: בוצע
B79: מים עומדים מזוהמים באזור מחסן כימיקלים | C79: 45740 | D79: שיפוע ניקוז לא תקין | E79: שאיבת המים וניקוי | F79: תיקון שיפועי ניקוז באזור | G79: אחזקה | H79: 45743 | I79: בוצע
B80: נזילת שמן ממכונת הטיגון לתעלת ניקוז | C80: 45749 | D80: בלאי באיטום מכונה | E80: ספיגת השמן וניקוי התעלה | F80: תחזוקה מונעת ובדיקת איטומים | G80: מנהל טכני | H80: 45751 | I80: בוצע
B81: פסולת קרטון ופלסטיק לא ממוינת ליד קו האריזה | C81: 45757 | D81: חוסר סדר בפינוי | E81: מיון ופינוי מיידי | F81: חידוד נהלי מיון פסולת | G81: איכות סביבה | H81: 45758 | I81: בוצע
B82: דליפת מים מקו שטיפה לאזור אחסון חומרי גלם | C82: 45771 | D82: צנרת סדוקה | E82: סגירת הנזילה וניקוי | F82: החלפת קטע צנרת פגום | G82: אחזקה | H82: 45773 | I82: בוצע
B83: זליגת שמן טיגון משומש ממיכל איסוף לרצפה | C83: 45779 | D83: מיכל מלא מדי | E83: ספיגה וניקוי מיידי | F83: פינוי שמן משומש בתדירות גבוהה יותר | G83: איכות סביבה | H83: 45780 | I83: בוצע
... B96: אריזות כימיקלים ריקות לא פונו מאזור השפכים | C96: 45886 | D96: חוסר פינוי בזמן | E96: פינוי מיידי | F96: קביעת לוח זמנים לפינוי אריזות | G96: מנהל איכות הסביבה | H96: 45887 | I96: בוצע
B97: ריח חזק של אמוניה באזור חדר המכונות | C97: 45893 | D97: נזילה קטנה ממערכת הקירור | E97: איתור וסגירת הנזילה | F97: בדיקת מערכת אמוניה על ידי טכנאי מוסמך | G97: מנהל טכני | H97: 45896 | I97: בוצע | J97: הוזמן טכנאי מוסמך
B98: נזילת שמן מברז ניקוז של מיכל שמן טיגון | C98: 45902 | D98: ברז לא סגור כראוי | E98: סגירת הברז וניקוי | F98: החלפת ברז ובדיקות יומיות | G98: אחזקה | H98: 45903 | I98: בוצע
B99: פסולת מעורבת (קרטון, פלסטיק, אורגני) בפח אחד | C99: 45910 | D99: חוסר הקפדה על מיון | E99: מיון מחדש של הפסולת | F99: הצבת פחים ממוינים עם שילוט ברור | G99: איכות סביבה | H99: 45912 | I99: בוצע
B100: קוביות בסיס (KOH) ללא מעצרה ליד מתקן השפכים | C100: 45917 | D100: אחסון לקוי | E100: העברה למעצרה תקנית | F100: חידוד נהלי אחסון כימיקלים | G100: מנהל איכות הסביבה | H100: 45919 | I100: בוצע
B101: מי גשם הצטברו במאצרה של חוות מיכלי שמן | C101: 45924 | D101: חוסר ניקוז במאצרה | E101: שאיבת מי הגשם | F101: התקנת ברז ניקוז במאצרה | G101: איכות סביבה | H101: 45927 | I101: בוצע
B102: תקלה במערכת ניטור פליטות ארובה | C102: 45940 | D102: כשל בחיישן | E102: החלפת חיישן פגום | F102: רכישת חיישן גיבוי ותחזוקה שוטפת | G102: מנהל טכני | H102: 45941 | I102: בוצע
B103: שמן טיגון משומש נשפך בזמן העברה למיכל איסוף | C103: 45947 | D103: צינור העברה קצר | E103: ניקוי מיידי | F103: רכישת צינור ארוך יותר עם חיבור מאובטח | G103: חצר | H103: 45950 | I103: בוצע
B104: מיכלי כימיקלים ללא גיליון בטיחות (MSDS) באזור אחסון | C104: 45954 | D104: חוסר בתיעוד | E104: הדפסה והצמדת גיליונות בטיחות | F104: ביקורת תקופתית על תיעוד כימיקלים | G104: איכות סביבה | H104: 45956 | I104: בוצע
B105: נזילה ממערכת מיזוג אוויר לתוך אזור אחסון מזון | C105: 45963 | D105: תחזוקה לקויה של מערכת מיזוג | E105: תיקון הנזילה מיידית | F105: תחזוקה תקופתית למערכת מיזוג | G105: אחזקה | H105: 45964 | I105: בוצע
B106: הצטברות אבק ושומן על מסנני מערכת אוורור | C106: 45971 | D106: חוסר ניקוי סדיר | E106: ניקוי מסננים | F106: קביעת לוח זמנים לניקוי חודשי | G106: מנהל תחזוקה | H106: 45973 | I106: בוצע
B107: פסולת שמן טיגון לא פונתה בזמן מהמפעל | C107: 45978 | D107: עיכוב בקבלן פינוי | E107: פינוי דחוף | F107: חוזה עם קבלן גיבוי | G107: מנהל איכות הסביבה | H107: 45981 | I107: בוצע
B108: זליגת שמן מהידראולי של מכבש תפוחי אדמה לניקוז | C108: 45993 | D108: איטום פגום | E108: ספיגה וסגירת מקור הזליגה | F108: החלפת איטומים ובדיקה תקופתית | G108: מנהל טכני | H108: 45995 | I108: בוצע
B109: מיכל כימיקלים (חומצה) עם סדק במאצרה | C109: 46001 | D109: בלאי מכני של המאצרה | E109: העברה למאצרה תקינה | F109: בדיקת תקינות מאצרות בתדירות רבעונית | G109: איכות סביבה | H109: 46002 | I109: בוצע
... B120: פסולת בניין מעבודות שיפוץ מפוזרת בחצר | C120: 46122 | D120: חוסר סדר בקבלן שיפוצים | E120: פינוי מיידי של הפסולת | F120: חידוד נהלים לקבלני משנה | G120: חצר | H120: 46123 | I120: בוצע
B121: מערכת סקראבר לא עובדת – פליטת אדים ללא טיפול | C121: 46129 | D121: כשל במשאבה | E121: הפעלת מערכת גיבוי | F121: תיקון משאבה וגיבוי מערכתי | G121: מנהל טכני | H121: 46131 | I121: בוצע | J121: תוקנה המשאבה
B122: גריקני חומרי ניקוי מאוחסנים ישירות על הקרקע | C122: 46136 | D122: חוסר מעצרות פנויות | E122: העברה למעצרה | F122: רכישת מעצרות נוספות | G122: איכות סביבה | H122: 46136 | I122: בוצע
B123: דליפת שפכים שומניים מצינור הולכה ישן | C123: 46144 | D123: קורוזיה בצנרת ישנה | E123: תיקון הנזילה | F123: החלפת קטע צנרת ישנה בחדשה | G123: אחזקה | H123: 46146 | I123: בוצע
B124: הצטברות שמן טיגון משומש ליד אזור פינוי – חשש לזיהום קרקע | C124: 46152 | D124: עיכוב בפינוי שמן | E124: ספיגה וניקוי הקרקע | F124: הגברת תדירות פינוי שמן משומש | G124: מנהל איכות הסביבה | H124: 46155 | I124: בוצע
B125: הורדה של שפכים בצורה לא מדודה גורמת לעומס כימיקלים על המט"ש | C125: 46177 | D125: יש עבודה לפי הנהלים | E125: הורדה לפי נוהול | F125: נכתב נוהל הורדה של שפכים | G125: מנהל איכות הסביבה | I125: במעקב
B126: השלכת פסולת מסוג תפוחי אדמה וציפס לתוך תעלות הביוב ולא אוספים לתוך מיכלים, ונקודות שנשפך ציפס לתוך תעלות הניקוז | C126: 46177 | D126: עבודה לא לפי הוראות | E126: בדיקה מקור הפסלות מהייצור | F126: נוהל הורדה מסודר | G126: מנהל איכות הסביבה | I126: במעקב

Sheet בטיחות אי התאמות
A1: מחלקה | B1: מפגע | C1: פעולה מתקנת שיש לבצע | D1: תאריך פתיחה | E1: תאריך לביצוע | F1: אחריות | G1: בוצע
A2: מפעל | B2: מקלחת חרום ללא מים ועקומה ליד האמוניה | C2: לבדוק את זרימת המים ולישר את המחלקת | D2: 44935 | F2: מנהל אחזקה | G2: בוצע
A3: אחזקה | B3: מלחצים לא מחוזקים לשולחן עבודה | C3: לחזק | D3: 44999 | F3: מנהל אחזקה | G3: בוצע
A4: אחזקה | B4: ארקה לשולחן ריתוך מחוץ למחלקה | C4: חובה | D4: 44999 | F4: מנהל אחזקה | G4: בוצע
A5: אחזקה | B5: באזור הריתוך בחוץ חובה קיר הגנה על העיניים לעוברים והעובדים בסביבה | C5: להשלים קיר הגנה | D5: 44999 | F5: מנהל אחזקה | G5: בוצע
A6: שפכים | B6: מתקן שטיפת עיניים במט"ש שבורה | C6: להחליף, יש חדש | D6: 45006 | F6: אחזקה | G6: בוצע
A7: חומר גלם | B7: ארון חשמל בחומר גלם פתוח | C7: אבקש לסגור ארונות חשמל | D7: 45006 | F7: מנהל חומר גלם | G7: בוצע
A8: מעוצבים | B8: פודס במוצבים חלקה סכנת נפילה | C8: להחליף | D8: 45018 | F8: מנהל ייצור +מנהל אחזקה | G8: בוצע
A9: מפעל | B9: חסר שרשרת בגנה למהפך תפ"א במוצבים | C9: להשלים | D9: 45018 | F9: מנהל אחזקה | G9: בוצע
A10: ייצור | B10: ריצפת אפוקסי שבורה במעוצבים | C10: תיקון | D10: 45018 | F10: מנהל ייצור | G10: בוצע
A11: מעצבים | B11: לוח הפעלה של המרים במעוצבים לא תקינה | C11: חשמל | D11: 45018 | F11: חשמלאי | G11: בוצע
A12: כלל מפעל | B12: שער ירוק נפגע מכלי רכב | C12: טיפול מידי | D12: 45048 | F12: אחזקה | G12: בוצע
A13: כלל מפעל | B13: שער אדום לשנות עין אלקטורני | C13: להגביה את עין עצירה | D13: 45048 | F13: אחזקה | G13: בוצע
... A21: שער | B21: נקודות חשמל חדשות בחדר שומר | C21: להתקין | D21: 45140 | F21: אחזקה | G21: בוצע
A22: ייצור טוגנים | B22: חובה לעבוד עם קסדה ליד העגורן | D22: 45274 | F22: מנהל ייצור טוגנים | G22: בוצע
A23: כלל מפעל | B23: אין לחסום נקודות מי כיבוי | D23: 45274 | F23: כולם | G23: בוצע
A24: מעוצבים | B24: מכסים לתעלות שבורות | D24: 45274 | F24: אחזקה | G24: בוצע
A25: ייצור טוגנים | B25: מכסים לתעלות בבור חול חסר | C25: יבוצע ביום שישי התעלה בתוך הבור בזמן הניקיון | D25: 45274 | E25: 45303 | F25: ממונה בטיחות | G25: בוצע
A26: מחסן אריזות | B26: מיגון למדפים במחסן קרטונים | D26: 45280 | F26: אחזקה | G26: בוצע
A27: ייצור טוגנים | B27: כובעי חבטה לעובדי אחזקה | D27: 45280 | F27: אחזקה | G27: בוצע
A28: כלל מחלקות הייצור | B28: כובעי חבטה לעובדי אחזקה/חשמלאים בזמן העבודה בייצור | C28: יש לדאוג כי עובדי האחזקה והחשמלאים משתמשים כובעי חבטה | D28: 45280 | F28: מנהל אחזקה/ מנהל טכני | G28: בוצע
A29: אחזקה | B29: עמוד עקום במדרגות עלייה לחדר מכונות אמוניה | C29: יש לטפל בעמוד העקום | D29: 45300 | F29: אחזקה | G29: בוצע
A30: אחזקה | B30: ארון כיבוי אש חסום | C30: יש לפנות גישה לארון | D30: 45300 | F30: מנהל אחזקה/ מנהל טכני | G30: בוצע
A31: אחזקה | B31: אבן משחזת במרחק לא תקין | C31: להרחיק בהתאם לדרישות החוק 1.5 CM | D31: 45300 | F31: מנהל אחזקה/ מנהל טכני | G31: בוצע
A32: אחזקה | B32: אבן משחזת לחשמל לא מזמן עבודה | C32: יש לכבות מהחשמל בזמן שלא מבוצעת עבודה עם המשחזת | D32: 45300 | F32: מנהל אחזקה/ מנהל טכני | G32: בוצע
A33: אחזקה | B33: בלגן במחלקה | C33: יש לסדר את המחלקה | D33: 45300 | F33: מנהל אחזקה/ מנהל טכני | G33: בוצע
A34: אחזקה | B34: בלוני חמצן לא קשורים | C34: יש לקשור בלונים לקיר עם שרשרת | D34: 45300 | F34: מנהל אחזקה/ מנהל טכני | G34: בוצע
A35: אחזקה | B35: בלוני חמצן ללא מכסה מגן | C35: יש לסגור בלונים עם מכסה מגן | D35: 45300 | F35: מנהל אחזקה/ מנהל טכני | G35: בוצע
A36: אריזה | B36: חדר חשמל ליד האריזה פתוח+ ארון חשמל פתוח | C36: יש לדאוג שחדר חשמל נעול וארונות סגורים | D36: 45300 | F36: חשמלאים | G36: בוצע
A37: חצר | B37: משטחים צמודים לחדר שנאים הראשי | C37: יש להזיז משטחים לפחות מטר מחדר שנאים( על פי תקן כבאות) | D37: 45300 | F37: מנהל חצר ותוצ"ג | G37: בוצע
A38: חצר | B38: ארון כיבוי אש + מקלחון חירום חסומים ליד אזור מילוי אמוניה | C38: יש להזיז ולא לחסום אזור ארונות כיבוי/משטפות/אזור מילוי וריקון אמוניה | D38: 45300 | F38: מנהל חצר ותוצ"ג | G38: בוצע
A39: חצר | B39: תעלה ליד נבובה הבטון שבור | C39: יש לתקן בטון | D39: 45300 | F39: אחזקה/מנהל חצר ותוצ"ג | G39: בוצע
... A43: ייצור טוגנים(קלופים) | B43: יש להוסיף שלט חובה קסדות באזור הקלופים | C43: יש להזמין שלט | D43: 45300 | F43: מנהל קילופים | G43: בוצע
A44: מעוצבים | B44: קושי בהרמת גלילים במחלקת אריזה במעוצבים | C44: יש לחפש עגלה תפעולית להרמת גלילים | D44: 45300 | F44: מנהל מעוצבים | G44: בוצע | H44: לא אושר יש להרים גליל 2 אנשים
A45: מעוצבים | B45: כימיקלים לא על מעצרות במחלקת אריזה וחדר כימיקלים במעוצבים | C45: יש לרכוש 2 מאצרות קטנות לאחסון כימיקלים | D45: 45300 | F45: מנהל מעוצבים | G45: בוצע
A46: מעוצבים | B46: תעלה עקומה ליד הקוטר | C46: יש לתקן תעלה ליד הקוטר חשש לנפילה | D46: 45300 | F46: מנהל מעוצבים | G46: בוצע
A47: מעוצבים | B47: מיקרו סוויץ הגנה לא תקין במקסר | C47: יש לבדוק מיקרו סוויץ במקסר ולהחליפו | D47: 45300 | F47: חשמלאים/מנהל מעוצבים | G47: בוצע
A48: מעוצבים | B48: ונטה לא עובדת בחדר שקילות (סכנת שאיפת של אבקות) | C48: יש לטפל בווטה עד אז חובה שימוש במסכות אבק | D48: 45300 | F48: מנהל מעוצבים/ אחזקה | G48: בוצע | H48: יש לעבוד עם מסכת אבק
A49: מעוצבים | B49: עמוד שרשרות שבור | C49: יש לתקן את העמוד | D49: 45300 | F49: מנהל מעוצבים/ אחזקה | G49: בוצע
A50: מעצבים | B50: תאורת יציאת חירום במשרד של רומן+ מעבדה לא עובדות | C50: יש לבדוק שלט תאורות חירום (לא עובד בדיקה) | D50: 45300 | F50: חשמלאים | G50: בוצע
A51: תוצ"ג | B51: חסר מטז וגלאי אש במשרד חדש של יגאל | C51: יש להוסיף מטז וגלאי | D51: 45300 | F51: ממונה בטיחות | G51: בוצע
A52: תוצ"ג | B52: באולם העמסות ליד הרמפה יש עמוד בטון שבור | C52: יש לבדוק איך לבצע תיקון | D52: 45300 | F52: מנהל חצר ותוצ"ג | G52: בוצע
A53: תוצ"ג | B53: מלגזה בזמן טעינה עם קלשונים באוויר | C53: יש להדריך את העובדים שיש להוריד את הקלשונים בזמן שהמלגזה לא בעבודה | D53: 45300 | F53: מנהל חצר ותוצ"ג | G53: בוצע
A54: תוצ"ג | B54: בחדר רובוט צפצפה עובדת לא עובד צ'קלקה | C54: יש להחליף צ'קלקה | D54: 45300 | F54: חשמלאים | G54: בוצע
A55: תוצ"ג | B55: חדר מנוחה של האריזה נזילה מים מתחת לכיור | C55: יש לבדוק נזילות | D55: 45300 | F55: אחזקה | G55: בוצע
A56: ייצור טוגנים | B56: מסוע הזנה לא ממוגן | C56: להוסיף מיגון בהתאם לנוהל | D56: 45300 | E56: 45303 | F56: ממונה בטיחות | G56: בוצע
A57: חצר | B57: דליפת שמן ליד תחנת מיכלית | C57: לנקות ולבצע טיפול מונע | D57: 45300 | E57: 45303 | F57: מנהל מחלקה | G57: בוצע
A58: מעוצבים | B58: ונטה לא פועלת בחדר שקילה | C58: לתקן את הוונטה ולחייב שימוש במסכות בינתיים | D58: 45307 | E58: 45309 | F58: אחזקה | G58: בוצע
A59: חומר גלם | B59: חדר חשמל פתוח | C59: יש לדאוג לנעילה קבועה של החדר | D59: 45314 | E59: 45314 | F59: חשמלאים | G59: בוצע
A60: אריזה | B60: חוסר גישה ליציאת חירום | C60: לפנות את המעבר מיידית | D60: 45314 | E60: 45317 | F60: מנהל מחלקה | G60: בוצע
A61: חצר | B61: תעלה ליד מבנה שבורה | C61: יש לתקן את התעלה בבטון | D61: 45321 | E61: 45323 | F61: אחזקה | G61: בוצע
A62: שפכים | B62: דליפת נוזל מצינור | C62: יש להחליף את הצינור ולוודא איטום | D62: 45328 | E62: 45331 | F62: מנהל מחלקה | G62: בוצע
A63: מעוצבים | B63: מיקרו סוויץ לא תקין במיקסר | C63: יש לבדוק ולהחליף את הסוויץ | D63: 45328 | E63: 45331 | F63: מנהל מחלקה | G63: בוצע
A64: שפכים | B64: אין גישה חופשית לברז סגירה | C64: לפנות גישה לברז החירום | D64: 45335 | E64: 45335 | F64: מנהל מחלקה | G64: בוצע
A65: ייצור טוגנים | B65: טמפרטורה גבוהה חריגה באזור המטגנות ללא התראה | C65: יש לכייל חיישני טמפרטורה ולבדוק מערכת התראה | D65: 45720 | F65: מנהל ייצור טוגנים | G65: בוצע | H65: ממתין לכיול חיישנים
A66: שפכים | B66: חומר כימי לא מזוהה במחסן | C66: לסמן ולתעד את החומר | D66: 45342 | E66: 45345 | F66: מנהל מחלקה | G66: בוצע
A67: ייצור טוגנים | B67: אין שלט חובה קסדות ליד המסוע | C67: יש להתקין שלט ברור מעל הכניסה | D67: 45342 | E67: 45344 | F67: אחזקה | G67: בוצע
A68: חצר | B68: שלט בטיחות דהוי בכניסה | C68: יש להחליף שלט חדש | D68: 45349 | E68: 45351 | F68: אחזקה | G68: בוצע
A69: אחזקה | B69: בלוני גז ללא שרשרת קיבוע | C69: יש לקבע לבלוקים בהתאם לנוהל | D69: 45356 | E69: 45359 | F69: מנהל מחלקה | G69: בוצע
A70: מעוצבים | B70: כימיקלים לא מאוחסנים במעצרות | C70: להעביר כימיקלים למעצרות תקניות | D70: 45356 | E70: 45356 | F70: ממונה בטיחות | G70: בוצע
A71: ייצור טוגנים | B71: חוסר במגן חום על צנרת שמן חם | C71: יש להתקין בידוד תרמי על הצנרת | D71: 45741 | F71: אחזקה | G71: בוצע | H71: הוזמן בידוד, ממתין לאספקה
A72: חומר גלם | B72: חוסר שילוט חומרים מסוכנים | C72: להשלים שילוט לפי דרישות | D72: 45363 | E72: 45366 | F72: מנהל מחלקה | G72: בוצע
A73: ייצור טוגנים | B73: מפוח יניקה מעל קו הטיגון לא פועל - עשן באזור | C73: יש לתקן את המפוח ולבדוק מערכת אוורור | D73: 45748 | F73: אחזקה | G73: בוצע | H73: דורש הזמנת חלף מחו"ל
A74: אריזה | B74: כפתור חירום לא מסומן | C74: להוסיף מדבקת סימון בהתאם לתקן | D74: 45370 | E74: 45372 | F74: בטיחות סביבתית | G74: בוצע
A75: אריזה | B75: אין מיגון תחתון במסוע | C75: להתקין מיגון בהתאם לדרישות הבטיחות | D75: 45370 | E75: 45370 | F75: ממונה בטיחות | G75: בוצע
A76: שפכים | B76: חוסר שילוט באזור שפכים אזור כימיקלים | C76: להתקין שילוט אזהרה ברור | D76: 45377 | E76: 45380 | F76: מנהל שפכים | G76: בוצע
A77: חצר | B77: מצבור פסולת ליד שער | C77: לפנות לפינוי מיידי | D77: 45384 | E77: 45386 | F77: מנהל מחלקה | G77: בוצע
A78: ייצור טוגנים | B78: מעקה בטיחות רופף בגשר גישה למטגנת | C78: יש לחזק את המעקה עם ברגים חדשים | D78: 45762 | F78: אחזקה | G78: בוצע | H78: נרכשו ברגים, ממתין לביצוע
A79: חומר גלם | B79: ארון חשמל פתוח ללא סימון | C79: לסגור ולסמן בהתאם לנוהל | D79: 45384 | E79: 45387 | F79: חשמלאים | G79: בוצע
A80: אריזה | B80: חדר חשמל פתוח | C80: יש לנעול את החדר ולאבטח | D80: 45391 | E80: 45391 | F80: חשמלאים | G80: בוצע
A81: חומר גלם | B81: מעבר הולכי רגל דהוי | C81: יש לסמן מחדש את המעבר | D81: 45398 | E81: 45401 | F81: בטיחות סביבתית | G81: בוצע
A82: ייצור טוגנים | B82: חוסר במכסה על בור חול | C82: יש להשלים כיסוי מלא לבור | D82: 45398 | E82: 45400 | F82: אחזקה | G82: בוצע
A83: חצר | B83: ארון כיבוי אש חסום | C83: יש לפנות את הגישה לארון | D83: 45405 | E83: 45408 | F83: מנהל מחלקה | G83: בוצע
A84: ייצור טוגנים | B84: מסוע הזנה לא ממוגן | C84: להוסיף מיגון בהתאם לנוהל | D84: 45412 | E84: 45414 | F84: ממונה בטיחות | G84: בוצע
A85: מעוצבים | B85: עמוד שרשראות שבור | C85: יש לתקן או להחליף את העמוד | D85: 45412 | E85: 45415 | F85: אחזקה | G85: בוצע
A86: אריזה | B86: דליפת שמן ממכונת אריזה | C86: לבדוק מקור הנזילה ולטפל | D86: 45419 | E86: 45422 | F86: מנהל מחלקה | G86: בוצע
A87: חומר גלם | B87: תקרת מחסן מתקלפת | C87: לבדוק ולטפל במפגע התקלפות | D87: 45426 | E87: 45429 | F87: מנהל מחלקה | G87: בוצע
A88: מעוצבים | B88: ונטה לא פועלת בחדר שקילה | C88: לתקן את הוונטה ולחייב שימוש במסכות בינתיים | D88: 45426 | E88: 45428 | F88: אחזקה | G88: בוצע
A89: ייצור טוגנים | B89: תאורת חירום לא עובדת | C89: להחליף גופי תאורה | D89: 45433 | E89: 45435 | F89: חשמלאים | G89: בוצע
A90: ייצור טוגנים | B90: שלט מקלחת חירום רופף | C90: יש לחזק עם ברגים | D90: 45440 | E90: 45442 | F90: אחזקה | G90: בוצע
... A127: חצר | B127: ארון כיבוי אש חסום | C127: יש לפנות את הגישה לארון | D127: 45615 | E127: 45617 | F127: מנהל מחלקה | G127: בוצע
A128: מחסני חומר גלם | B128: נמצא ליקוי במרפסות | C128: מבוצע שיקום מרפסות | D128: 45617 | F128: הנדסה | G128: בוצע
A129: מעוצבים | B129: עמוד שרשראות שבור | C129: יש לתקן או להחליף את העמוד | D129: 45622 | E129: 45624 | F129: אחזקה | G129: בוצע
A130: חצר | B130: ארון כיבוי אש חסום | C130: יש לפנות את הגישה לארון | D130: 45622 | E130: 45625 | F130: מנהל מחלקה | G130: בוצע
A131: אריזה | B131: דליפת שמן ממכונת אריזה | C131: לבדוק מקור הנזילה ולטפל | D131: 45629 | E131: 45632 | F131: מנהל מחלקה | G131: בוצע
A132: חומר גלם | B132: תקרת מחסן מתקלפת | C132: לבדוק ולטפל במפגע התקלפות | D132: 45636 | E132: 45639 | F132: מנהל מחלקה | G132: בוצע
A133: מעוצבים | B133: עמוד שרשראות שבור | C133: יש לתקן או להחליף את העמוד | D133: 45636 | E133: 45639 | F133: אחזקה | G133: בוצע
A134: ייצור טוגנים | B134: תאורת חירום לא עובדת | C134: להחליף גופי תאורה | D134: 45643 | E134: 45645 | F134: חשמלאים | G134: בוצע
A135: ייצור טוגנים | B135: שלט מקלחת חירום רופף | C135: יש לחזק עם ברגים | D135: 45650 | E135: 45653 | F135: אחזקה | G135: בוצע
A136: ייצור טוגנים | B136: דליפת שמן ממכונת ייצור | C136: לבדוק מקור הנזילה ולטפל | D136: 45650 | E136: 45652 | F136: מנהל מחלקה | G136: בוצע
A137: שפכים | B137: מתקן שטיפת עיניים שבור | C137: יש להחליף את המתקן במיידי | D137: 45657 | E137: 45659 | F137: מנהל שפכים | G137: בוצע
A138: ייצור טוגנים | B138: דליפת שמן טיגון מצנרת הזנה למטגנת | C138: יש לתקן את האיטום ולנקות את האזור | D138: 45692 | E138: 45694 | F138: מנהל ייצור טוגנים | G138: בוצע
A139: חצר | B139: משטחי עץ שבורים באזור פריקת חומרי גלם | C139: יש להחליף משטחים שבורים ולסמן אזור מסוכן | D139: 45692 | E139: 45695 | F139: מנהל חצר ותוצ"ג | G139: בוצע
A140: מעוצבים | B140: רצפה חלקלקה משמן באזור קו האריזה | C140: ניקוי מיידי והוספת שטיחי ספיגה | D140: 45699 | E140: 45699 | F140: מנהל מעוצבים | G140: בוצע
... A157: מעוצבים | B157: ונטה לא פועלת בחדר שקילת תבלינים | C157: לתקן את הוונטה ולחייב שימוש במסכות בינתיים | D157: 45769 | E157: 45772 | F157: אחזקה | G157: בוצע
A158: ייצור טוגנים | B158: נזילת שמן מהידראולי של מכבש תפוחי אדמה | C158: יש לתקן את האיטום ולנקות את האזור מיידית | D158: 45776 | E158: 45783 | F158: מנהל ייצור טוגנים | G158: בוצע | H158: תוקן חלקית, ממתין לאיטום סופי (בוצע)
A159: אחזקה | B159: בלוני חמצן ללא מכסה מגן בסדנה | C159: יש לסגור בלונים עם מכסה מגן | D159: 45783 | E159: 45783 | F159: מנהל אחזקה/ מנהל טכני | G159: בוצע
A160: חומר גלם | B160: מלגזה בזמן טעינה עם קלשונים באוויר | C160: יש להדריך את העובדים להוריד קלשונים כשלא בעבודה | D160: 45783 | E160: 45783 | F160: מנהל חצר ותוצ"ג | G160: בוצע
A161: ייצור טוגנים | B161: רצפה חלקלקה מאוד באזור סינון שמן - סכנת החלקה | C161: יש להניח שטיחי נגד החלקה ולנקות באופן שוטף | D161: 45790 | E161: 45783 | F161: ממונה בטיחות | G161: בוצע | H161: בבדיקה מחלקת איכות
A162: אריזה | B162: מכונת סגירת שקיות ללא מגן בטיחות על להב החיתוך | C162: יש להתקין מגן בהתאם לתקן המכונה | D162: 45790 | E162: 45793 | F162: מנהל אריזה | G162: בוצע
...

Sheet סיכום בטיחות - שקופית
B2: סיכום אי התאמות בטיחות - דוח שנתי 2025
B3: תאריך הפקה: 06/04/2026
B5: 📊 סיכום כללי | F5: 📈 מדדים עיקריים
B7: סטטוס | C7: כמות | D7: אחוז | F7: =C12 -> 126 | G7: =C9+C10+C11 -> 2 | H7: =C8 -> 124
B8: ✅ בוצע | C8: =COUNTIFS('בטיחות אי התאמות'!D:D,">="&DATE(2025,1,1),'בטיחות אי התאמות'!D:D,"<"&DATE(2027,1,1),'בטיחות אי התאמות'!G:G,"בוצע") -> 124 | D8: =IF(C12>0,C8/C12,0) -> 0.98412698 | F8: סה"כ ליקויים | G8: פתוחים / לא בוצע | H8: בוצעו ונסגרו
B9: 🔄 בתהליך | C9: =COUNTIFS('בטיחות אי התאמות'!D:D,">="&DATE(2025,1,1),'בטיחות אי התאמות'!D:D,"<"&DATE(2027,1,1),'בטיחות אי התאמות'!G:G,"בתהליך") -> 0 | D9: =IF(C12>0,C9/C12,0) -> 0
B10: ❌ לא בוצע | C10: =COUNTIFS('בטיחות אי התאמות'!D:D,">="&DATE(2025,1,1),'בטיחות אי התאמות'!D:D,"<"&DATE(2027,1,1),'בטיחות אי התאמות'!G:G,"לא בוצע") -> 2 | D10: =IF(C12>0,C10/C12,0) -> 0.015873016
B11: 👁 במעקב | C11: =COUNTIFS('בטיחות אי התאמות'!D:D,">="&DATE(2025,1,1),'בטיחות אי התאמות'!D:D,"<"&DATE(2027,1,1),'בטיחות אי התאמות'!G:G,"במעקב") -> 0 | D11: =IF(C12>0,C11/C12,0) -> 0
B12: סה"כ | C12: =SUM(C8:C11) -> 126 | D12: =IF(C12>0,1,0) -> 1
B16: 📝 הערות לליקויים הפתוחים
B17: 🔴 מחסני יבולים – זוהו 12 ליקויים מהותיים בסיור בטיחות. דורש תכנית עבודה מקיפה וטיפול דחוף.
B18: 🔴 כלל מפעל – תוכנית סימון כבישים ותמרורים התקבלה, טרם יצאה לביצוע.
B24: 📋 פילוח לפי מחלקה - מספר אי התאמות (2025)
B26: מחלקה | C26: סה"כ | D26: בוצע | E26: פתוח/לא בוצע
B27: ייצור טוגנים | C27: =COUNTIFS('בטיחות אי התאמות'!A:A,"ייצור טוגנים",'בטיחות אי התאמות'!D:D,">="&DATE(2025,1,1),'בטיחות אי התאמות'!D:D,"<"&DATE(2027,1,1)) -> 30 | D27: =COUNTIFS('בטיחות אי התאמות'!A:A,"ייצור טוגנים",'בטיחות אי התאמות'!D:D,">="&DATE(2025,1,1),'בטיחות אי התאמות'!D:D,"<"&DATE(2027,1,1),'בטיחות אי התאמות'!G:G,"בוצע") -> 30 | E27: =C27-D27 -> 0
B28: חצר | C28: =COUNTIFS('בטיחות אי התאמות'!A:A,"חצר",'בטיחות אי התאמות'!D:D,">="&DATE(2025,1,1),'בטיחות אי התאמות'!D:D,"<"&DATE(2027,1,1)) -> 18 | D28: =COUNTIFS('בטיחות אי התאמות'!A:A,"חצר",'בטיחות אי התאמות'!D:D,">="&DATE(2025,1,1),'בטיחות אי התאמות'!D:D,"<"&DATE(2027,1,1),'בטיחות אי התאמות'!G:G,"בוצע") -> 18 | E28: =C28-D28 -> 0
B29: מעוצבים | C29: =COUNTIFS('בטיחות אי התאמות'!A:A,"מעוצבים",'בטיחות אי התאמות'!D:D,">="&DATE(2025,1,1),'בטיחות אי התאמות'!D:D,"<"&DATE(2027,1,1)) -> 17 | D29: =COUNTIFS('בטיחות אי התאמות'!A:A,"מעוצבים",'בטיחות אי התאמות'!D:D,">="&DATE(2025,1,1),'בטיחות אי התאמות'!D:D,"<"&DATE(2027,1,1),'בטיחות אי התאמות'!G:G,"בוצע") -> 17 | E29: =C29-D29 -> 0
B30: אריזה | C30: =COUNTIFS('בטיחות אי התאמות'!A:A,"אריזה",'בטיחות אי התאמות'!D:D,">="&DATE(2025,1,1),'בטיחות אי התאמות'!D:D,"<"&DATE(2027,1,1)) -> 16 | D30: =COUNTIFS('בטיחות אי התאמות'!A:A,"אריזה",'בטיחות אי התאמות'!D:D,">="&DATE(2025,1,1),'בטיחות אי התאמות'!D:D,"<"&DATE(2027,1,1),'בטיחות אי התאמות'!G:G,"בוצע") -> 16 | E30: =C30-D30 -> 0
B31: שפכים | C31: =COUNTIFS('בטיחות אי התאמות'!A:A,"שפכים",'בטיחות אי התאמות'!D:D,">="&DATE(2025,1,1),'בטיחות אי התאמות'!D:D,"<"&DATE(2027,1,1)) -> 17 | D31: =COUNTIFS('בטיחות אי התאמות'!A:A,"שפכים",'בטיחות אי התאמות'!D:D,">="&DATE(2025,1,1),'בטיחות אי התאמות'!D:D,"<"&DATE(2027,1,1),'בטיחות אי התאמות'!G:G,"בוצע") -> 17 | E31: =C31-D31 -> 0
B32: חומר גלם | C32: =COUNTIFS('בטיחות אי התאמות'!A:A,"חומר גלם",'בטיחות אי התאמות'!D:D,">="&DATE(2025,1,1),'בטיחות אי התאמות'!D:D,"<"&DATE(2027,1,1)) -> 18 | D32: =COUNTIFS('בטיחות אי התאמות'!A:A,"חומר גלם",'בטיחות אי התאמות'!D:D,">="&DATE(2025,1,1),'בטיחות אי התאמות'!D:D,"<"&DATE(2027,1,1),'בטיחות אי התאמות'!G:G,"בוצע") -> 18 | E32: =C32-D32 -> 0
B33: אחזקה | C33: =COUNTIFS('בטיחות אי התאמות'!A:A,"אחזקה",'בטיחות אי התאמות'!D:D,">="&DATE(2025,1,1),'בטיחות אי התאמות'!D:D,"<"&DATE(2027,1,1)) -> 8 | D33: =COUNTIFS('בטיחות אי התאמות'!A:A,"אחזקה",'בטיחות אי התאמות'!D:D,">="&DATE(2025,1,1),'בטיחות אי התאמות'!D:D,"<"&DATE(2027,1,1),'בטיחות אי התאמות'!G:G,"בוצע") -> 8 | E33: =C33-D33 -> 0
B34: כלל מפעל | C34: =COUNTIFS('בטיחות אי התאמות'!A:A,"כלל מפעל",'בטיחות אי התאמות'!D:D,">="&DATE(2025,1,1),'בטיחות אי התאמות'!D:D,"<"&DATE(2027,1,1)) -> 1 | D34: =COUNTIFS('בטיחות אי התאמות'!A:A,"כלל מפעל",'בטיחות אי התאמות'!D:D,">="&DATE(2025,1,1),'בטיחות אי התאמות'!D:D,"<"&DATE(2027,1,1),'בטיחות אי התאמות'!G:G,"בוצע") -> 0 | E34: =C34-D34 -> 1
B35: מחסני יבולים | C35: =COUNTIFS('בטיחות אי התאמות'!A:A,"מחסני יבולים",'בטיחות אי התאמות'!D:D,">="&DATE(2025,1,1),'בטיחות אי התאמות'!D:D,"<"&DATE(2027,1,1)) -> 1 | D35: =COUNTIFS('בטיחות אי התאמות'!A:A,"מחסני יבולים",'בטיחות אי התאמות'!D:D,">="&DATE(2025,1,1),'בטיחות אי התאמות'!D:D,"<"&DATE(2027,1,1),'בטיחות אי התאמות'!G:G,"בוצע") -> 0 | E35: =C35-D35 -> 1
B36: סה"כ (כל המחלקות) | C36: =SUM(C27:C35) -> 126 | D36: =SUM(D27:D35) -> 124 | E36: =SUM(E27:E35) -> 2

Sheet סיכום סביבה - שקופית
B2: סיכום אי התאמות איכות סביבה - דוח שנתי 2025
B5: 📊 סיכום כללי | F5: 📈 מדדים עיקריים
B7: סטטוס | C7: כמות | D7: אחוז | F7: =C12 -> 56 | G7: =C10+C11 -> 2 | H7: =C8 -> 54
B8: ✅ בוצע | C8: =COUNTIFS('איכות סביבה אי התאמות'!$C$6:$C$126,">="&DATE(2025,1,1),'איכות סביבה אי התאמות'!$C$6:$C$126,"<"&DATE(2027,1,1),'איכות סביבה אי התאמות'!$I$6:$I$126,"בוצע")+COUNTIFS('איכות סביבה אי התאמות'!$C$6:$C$126,">="&DATE(2025,1,1),'איכות סביבה אי התאמות'!$C$6:$C$126,"<"&DATE(2027,1,1),'איכות סביבה אי התאמות'!$I$6:$I$126,"בוצע ") -> 54 | D8: =IF(C12>0,C8/C12,"") -> 0.96428571 | F8: סה"כ ליקויים | G8: פתוחים / במעקב | H8: בוצעו ונסגרו
B9: 🔄 בתהליך | C9: =COUNTIFS('איכות סביבה אי התאמות'!$C$6:$C$126,">="&DATE(2025,1,1),'איכות סביבה אי התאמות'!$C$6:$C$126,"<"&DATE(2027,1,1),'איכות סביבה אי התאמות'!$I$6:$I$126,"בתהליך") -> 0 | D9: =IF(C12>0,C9/C12,"") -> 0
B10: ❌ לא בוצע | C10: =COUNTIFS('איכות סביבה אי התאמות'!$C$6:$C$126,">="&DATE(2025,1,1),'איכות סביבה אי התאמות'!$C$6:$C$126,"<"&DATE(2027,1,1),'איכות סביבה אי התאמות'!$I$6:$I$126,"לא בוצע") -> 0 | D10: =IF(C12>0,C10/C12,"") -> 0
B11: 👁 במעקב | C11: =COUNTIFS('איכות סביבה אי התאמות'!$C$6:$C$126,">="&DATE(2025,1,1),'איכות סביבה אי התאמות'!$C$6:$C$126,"<"&DATE(2027,1,1),'איכות סביבה אי התאמות'!$I$6:$I$126,"במעקב") -> 2 | D11: =IF(C12>0,C11/C12,"") -> 0.035714286
B12: סה"כ | C12: =SUM(C8:C11) -> 56 | D12: =IF(C12>0,1,"") -> 1
B16: 📝 הערות לליקויים הפתוחים / במעקב
B17: 🟠 הורדה של שפכים בצורה לא מדודה גורמת לעומס כימיקלים על המט"ש – נכתב נוהל הורדה של שפכים. סטטוס: במעקב.
B18: 🟠 השלכת פסולת מסוג תפוחי אדמה וציפס לתוך תעלות הביוב – נדרש נוהל הורדה מסודר. סטטוס: במעקב.
B24: 📋 פילוח לפי מיקום/אזור - מספר אי התאמות (2025)
B26: מיקום / אזור | C26: סה"כ | D26: בוצע | E26: פתוח/במעקב
B27: אזור ייצור / טיגון | C27: 17 | D27: 17 | E27: 0
B28: מט"ש / שפכים | C28: 14 | D28: 12 | E28: 2
B29: מחסן כימיקלים | C29: 7 | D29: 7 | E29: 0
B30: חצר | C30: 5 | D30: 5 | E30: 0
B31: חוות מיכלים / אחסון | C31: 4 | D31: 4 | E31: 0
B32: מערכות אוויר / פליטות | C32: 4 | D32: 4 | E32: 0
B33: אזור אריזה / פסולת | C33: 4 | D33: 4 | E33: 0
B34: כללי | C34: 1 | D34: 1 | E34: 0
B35: סה"כ (כל האזורים) | C35: 56 | D35: 54 | E35: 2
